replicate_index,day_type,algorithm,parameter,recovered_K,ari,cmpi_paper,cmpi_alt
0,low_cmpi,oracle,,10,1.0,1.3067232455261781,1.3067232455261781
0,low_cmpi,lfa,0.5,10,0.7195142275391828,1.1036702606882693,1.1036702606882693
0,low_cmpi,lfa,0.55,11,0.9856822619133705,1.3067232455261781,1.3067232455261781
0,low_cmpi,lfa,0.6,11,0.9856822619133705,1.3067232455261781,1.3067232455261781
0,low_cmpi,lfa,0.65,12,0.9719820699854843,1.3067232455261781,1.3067232455261781
0,low_cmpi,lfa,0.7,13,0.9494827666187318,1.44841542128202,1.44841542128202
0,low_cmpi,lfa,0.75,14,0.940855798670749,1.44841542128202,1.44841542128202
0,low_cmpi,lfa,0.8,17,0.853839065426117,1.8612081419884694,1.8612081419884694
0,low_cmpi,lfa,0.85,24,0.7591139387172546,1.8612081419884694,1.8612081419884694
0,low_cmpi,kmeans,5,5,0.7332495060176037,1.2007245197806506,1.2007245197806506
0,low_cmpi,kmeans,7,7,0.8790224032586558,1.3067232455261781,1.3067232455261781
0,low_cmpi,kmeans,10,10,1.0,1.3067232455261781,1.3067232455261781
0,low_cmpi,kmeans,13,13,0.8898989410570088,1.6192576251826705,1.6192576251826705
0,low_cmpi,kmeans,15,15,0.7341699027568279,1.9516282218612222,1.9516282218612222
0,low_cmpi,kmeans,20,20,0.6303951921325806,2.3440724816537677,2.3440724816537677
0,low_cmpi,leiden,0.5,11,0.9856822619133705,1.3067232455261781,1.3067232455261781
0,low_cmpi,leiden,0.55,11,0.9856822619133705,1.3067232455261781,1.3067232455261781
0,low_cmpi,leiden,0.6,11,0.9856822619133705,1.3067232455261781,1.3067232455261781
0,low_cmpi,leiden,0.65,12,0.9719820699854843,1.3067232455261781,1.3067232455261781
0,low_cmpi,leiden,0.7,12,0.9719820699854843,1.3067232455261781,1.3067232455261781
0,low_cmpi,leiden,0.75,12,0.9719820699854843,1.3067232455261781,1.3067232455261781
0,low_cmpi,leiden,0.8,15,0.8847049689440993,1.7210975722719446,1.7210975722719446
0,low_cmpi,leiden,0.85,24,0.7725088782118237,1.8612081419884694,1.8612081419884694
0,high_cmpi,oracle,,10,1.0,3.1058941367873856,2.7176573696889625
0,high_cmpi,lfa,0.5,6,0.852017937219731,1.8706716139266961,1.7294793514004105
0,high_cmpi,lfa,0.55,9,0.9838788470933073,2.84899430907298,2.5249824989031584
0,high_cmpi,lfa,0.6,10,1.0,3.1058941367873856,2.7176573696889625
0,high_cmpi,lfa,0.65,10,1.0,3.1058941367873856,2.7176573696889625
0,high_cmpi,lfa,0.7,11,0.8667981291512127,3.1058941367873856,2.7176573696889625
0,high_cmpi,lfa,0.75,11,0.8667981291512127,3.1058941367873856,2.7176573696889625
0,high_cmpi,lfa,0.8,15,0.8514121981170691,3.43794979290855,2.9943704164565994
0,high_cmpi,lfa,0.85,17,0.8459632340229355,3.650474958704879,3.155975608708291
0,high_cmpi,kmeans,5,5,0.8934993084370678,1.7210975722719444,1.5208435946403605
0,high_cmpi,kmeans,7,7,0.7900956136560069,2.0281461129580567,1.7981256975216544
0,high_cmpi,kmeans,10,10,0.8507986140454661,2.84899430907298,2.5249824989031584
0,high_cmpi,kmeans,13,13,0.5997031010358658,3.1058941367873856,2.7176573696889625
0,high_cmpi,kmeans,15,15,0.5381651003988912,3.1058941367873856,2.7176573696889625
0,high_cmpi,kmeans,20,20,0.4224573171819528,3.4774550574251832,3.08921829032676
0,high_cmpi,leiden,0.5,8,0.9680748145759432,2.5920944813585742,2.332307628117354
0,high_cmpi,leiden,0.55,9,0.9838788470933073,2.84899430907298,2.5249824989031584
0,high_cmpi,leiden,0.6,10,1.0,3.1058941367873856,2.7176573696889625
0,high_cmpi,leiden,0.65,10,1.0,3.1058941367873856,2.7176573696889625
0,high_cmpi,leiden,0.7,10,1.0,3.1058941367873856,2.7176573696889625
0,high_cmpi,leiden,0.75,11,0.8766564729867482,3.1058941367873856,2.7176573696889625
0,high_cmpi,leiden,0.8,14,0.8675604132866536,3.43794979290855,2.9943704164565994
0,high_cmpi,leiden,0.85,16,0.8389079732417284,3.43794979290855,2.9943704164565994
1,low_cmpi,oracle,,10,1.0,1.3067232455261781,1.3067232455261781
1,low_cmpi,lfa,0.5,8,0.4724689165186501,0.6343341396329414,0.6343341396329414
1,low_cmpi,lfa,0.55,9,0.7332495060176037,0.8046533244696281,0.8046533244696281
1,low_cmpi,lfa,0.6,10,1.0,1.3067232455261781,1.3067232455261781
1,low_cmpi,lfa,0.65,10,1.0,1.3067232455261781,1.3067232455261781
1,low_cmpi,lfa,0.7,11,0.9856822619133705,1.3067232455261781,1.3067232455261781
1,low_cmpi,lfa,0.75,12,0.9636296840558413,1.44841542128202,1.44841542128202
1,low_cmpi,lfa,0.8,14,0.9475747637937922,1.44841542128202,1.44841542128202
1,low_cmpi,lfa,0.85,23,0.7252543940795559,2.389063585140781,2.389063585140781
1,low_cmpi,kmeans,5,5,0.7054087169613164,1.3067232455261781,1.3067232455261781
1,low_cmpi,kmeans,7,7,0.8790224032586558,1.3067232455261781,1.3067232455261781
1,low_cmpi,kmeans,10,10,1.0,1.3067232455261781,1.3067232455261781
1,low_cmpi,kmeans,13,13,0.7725088782118237,2.040895617506901,2.040895617506901
1,low_cmpi,kmeans,15,15,0.7290872994580673,2.278941901381636,2.278941901381636
1,low_cmpi,kmeans,20,20,0.5430149960536701,2.8362226955434178,2.8362226955434178
1,low_cmpi,leiden,0.5,9,0.7332495060176037,0.8046533244696281,0.8046533244696281
1,low_cmpi,leiden,0.55,9,0.7332495060176037,0.8046533244696281,0.8046533244696281
1,low_cmpi,leiden,0.6,10,1.0,1.3067232455261781,1.3067232455261781
1,low_cmpi,leiden,0.65,10,1.0,1.3067232455261781,1.3067232455261781
1,low_cmpi,leiden,0.7,11,0.9856822619133705,1.3067232455261781,1.3067232455261781
1,low_cmpi,leiden,0.75,12,0.9636296840558413,1.44841542128202,1.44841542128202
1,low_cmpi,leiden,0.8,13,0.9570633668299975,1.44841542128202,1.44841542128202
1,low_cmpi,leiden,0.85,20,0.7404786769250442,2.301207784489734,2.301207784489734
1,high_cmpi,oracle,,10,1.0,3.1058941367873856,2.6529512418392254
1,high_cmpi,lfa,0.5,9,0.9412432911925563,2.550791040004649,2.1533770881041785
1,high_cmpi,lfa,0.55,10,0.9844681518669596,2.9785330716197054,2.581119119719235
1,high_cmpi,lfa,0.6,11,0.8766564729867482,3.1058941367873856,2.6529512418392254
1,high_cmpi,lfa,0.65,13,0.8706029436835824,3.3272645742014952,2.874321679253335
1,high_cmpi,lfa,0.7,13,0.8706029436835824,3.3272645742014952,2.874321679253335
1,high_cmpi,lfa,0.75,14,0.8591387162968948,3.3272645742014952,2.874321679253335
1,high_cmpi,lfa,0.8,17,0.8373325226379449,3.3272645742014952,2.874321679253335
1,high_cmpi,lfa,0.85,23,0.7400622824693167,3.698825494839293,3.2458825998911327
1,high_cmpi,kmeans,5,5,0.8655905868155076,1.6486829761921407,1.3073979302683212
1,high_cmpi,kmeans,7,7,0.7615815172085268,1.9557315168782528,1.567013578858694
1,high_cmpi,kmeans,10,10,0.8606405255306782,2.84899430907298,2.3960514141248193
1,high_cmpi,kmeans,13,13,0.5997031010358658,3.1058941367873856,2.6529512418392254
1,high_cmpi,kmeans,15,15,0.5844048524113311,3.2165793554944404,2.76363646054628
1,high_cmpi,kmeans,20,20,0.4079946845762925,3.3272645742014952,2.874321679253335
1,high_cmpi,leiden,0.5,7,0.937381404174573,2.285045940672462,1.896328002652903
1,high_cmpi,leiden,0.55,9,0.9838788470933073,2.84899430907298,2.3960514141248193
1,high_cmpi,leiden,0.6,10,1.0,3.1058941367873856,2.6529512418392254
1,high_cmpi,leiden,0.65,11,0.9973905479849232,3.2165793554944404,2.76363646054628
1,high_cmpi,leiden,0.7,12,0.8736349453978159,3.2165793554944404,2.76363646054628
1,high_cmpi,leiden,0.75,14,0.8583690987124464,3.3272645742014952,2.874321679253335
1,high_cmpi,leiden,0.8,16,0.8389079732417284,3.43794979290855,2.98500689796039
1,high_cmpi,leiden,0.85,21,0.742688587565454,3.43794979290855,2.98500689796039
2,low_cmpi,oracle,,10,1.0,1.3067232455261781,1.3067232455261781
2,low_cmpi,lfa,0.5,11,0.9856822619133705,1.3067232455261781,1.3067232455261781
2,low_cmpi,lfa,0.55,11,0.9856822619133705,1.3067232455261781,1.3067232455261781
2,low_cmpi,lfa,0.6,11,0.9856822619133705,1.3067232455261781,1.3067232455261781
2,low_cmpi,lfa,0.65,11,0.9856822619133705,1.3067232455261781,1.3067232455261781
2,low_cmpi,lfa,0.7,13,0.9710589782942337,1.3067232455261781,1.3067232455261781
2,low_cmpi,lfa,0.75,15,0.9654944692091795,1.3067232455261781,1.3067232455261781
2,low_cmpi,lfa,0.8,23,0.7354355959380011,1.689331668509107,1.689331668509107
2,low_cmpi,lfa,0.85,30,0.680518102647982,1.989712634956483,1.989712634956483
2,low_cmpi,kmeans,5,5,0.6758430832759807,1.2208228810964326,1.2208228810964326
2,low_cmpi,kmeans,7,7,0.8320011418783899,1.3067232455261781,1.3067232455261781
2,low_cmpi,kmeans,10,10,1.0,1.3067232455261781,1.3067232455261781
2,low_cmpi,kmeans,13,13,0.8329046777045491,1.703137551617381,1.703137551617381
2,low_cmpi,kmeans,15,15,0.7005536203714825,2.0113986252121574,2.0113986252121574
2,low_cmpi,kmeans,20,20,0.4992467942829849,2.7745557455957788,2.7745557455957788
2,low_cmpi,leiden,0.5,11,0.9856822619133705,1.3067232455261781,1.3067232455261781
2,low_cmpi,leiden,0.55,11,0.9856822619133705,1.3067232455261781,1.3067232455261781
2,low_cmpi,leiden,0.6,11,0.9856822619133705,1.3067232455261781,1.3067232455261781
2,low_cmpi,leiden,0.65,11,0.9856822619133705,1.3067232455261781,1.3067232455261781
2,low_cmpi,leiden,0.7,13,0.9710589782942337,1.3067232455261781,1.3067232455261781
2,low_cmpi,leiden,0.75,13,0.9710589782942337,1.3067232455261781,1.3067232455261781
2,low_cmpi,leiden,0.8,19,0.936017159502824,1.3067232455261781,1.3067232455261781
2,low_cmpi,leiden,0.85,26,0.7578849721706865,1.8506363348186698,1.8506363348186698
2,high_cmpi,oracle,,10,1.0,3.1058941367873856,2.911775753238174
2,high_cmpi,lfa,0.5,6,0.8361073037008028,1.8393438884028424,1.770676691131284
2,high_cmpi,lfa,0.55,9,0.9749108134978653,2.8283425883960174,2.634224204846806
2,high_cmpi,lfa,0.6,10,0.9812696942217235,2.9596795277800343,2.7655611442308228
2,high_cmpi,lfa,0.65,11,0.9973905479849232,3.2165793554944404,3.022460971945229
2,high_cmpi,lfa,0.7,12,0.8637423606010255,3.2165793554944404,3.022460971945229
2,high_cmpi,lfa,0.75,14,0.7887399344203787,3.2165793554944404,3.022460971945229
2,high_cmpi,lfa,0.8,17,0.5885069604803062,3.43794979290855,3.243831409359339
2,high_cmpi,lfa,0.85,24,0.4852686308492201,3.8718453961189883,3.6777270125697767
2,high_cmpi,kmeans,5,5,0.8655905868155076,1.6486829761921407,1.56622244166727
2,high_cmpi,kmeans,7,7,0.937381404174573,2.285045940672462,2.18491895185667
2,high_cmpi,kmeans,10,10,0.8507986140454661,2.84899430907298,2.654875925523768
2,high_cmpi,kmeans,13,13,0.598690364826941,3.1058941367873856,2.911775753238174
2,high_cmpi,kmeans,15,15,0.473908877079885,3.1058941367873856,2.911775753238174
2,high_cmpi,kmeans,20,20,0.35457145221653136,3.3272645742014952,3.1331461906522837
2,high_cmpi,leiden,0.5,7,0.937381404174573,2.285045940672462,2.155152514051852
2,high_cmpi,leiden,0.55,9,0.9838788470933073,2.84899430907298,2.654875925523768
2,high_cmpi,leiden,0.6,9,0.9838788470933073,2.84899430907298,2.654875925523768
2,high_cmpi,leiden,0.65,10,1.0,3.1058941367873856,2.911775753238174
2,high_cmpi,leiden,0.7,12,0.8637423606010255,3.2165793554944404,3.022460971945229
2,high_cmpi,leiden,0.75,12,0.8637423606010255,3.2165793554944404,3.022460971945229
2,high_cmpi,leiden,0.8,15,0.8545109143696906,3.5486350116156054,3.354516628066394
2,high_cmpi,leiden,0.85,23,0.5043070501644666,3.7611601774119334,3.5670417938627215
3,low_cmpi,oracle,,10,1.0,1.3067232455261781,1.3067232455261781
3,low_cmpi,lfa,0.5,10,0.7195142275391828,0.8046533244696281,0.8046533244696281
3,low_cmpi,lfa,0.55,10,0.7195142275391828,0.8046533244696281,0.8046533244696281
3,low_cmpi,lfa,0.6,11,0.9856822619133705,1.3067232455261781,1.3067232455261781
3,low_cmpi,lfa,0.65,12,0.9820554649265906,1.3067232455261781,1.3067232455261781
3,low_cmpi,lfa,0.7,13,0.9193154034229829,1.5805388554146218,1.5805388554146218
3,low_cmpi,lfa,0.75,15,0.90221612757837,1.668394656065669,1.668394656065669
3,low_cmpi,lfa,0.8,20,0.8560092609999109,1.9451597097084534,1.9451597097084534
3,low_cmpi,lfa,0.85,28,0.7603410167350805,2.4368717453591198,2.4368717453591198
3,low_cmpi,kmeans,5,5,0.7191489361702128,1.129538100210282,1.129538100210282
3,low_cmpi,kmeans,7,7,0.8609271523178808,1.2007245197806506,1.2007245197806506
3,low_cmpi,kmeans,10,10,1.0,1.3067232455261781,1.3067232455261781
3,low_cmpi,kmeans,13,13,0.8340210221967894,1.703137551617381,1.703137551617381
3,low_cmpi,kmeans,15,15,0.7366993153391794,1.9447215314694695,1.9447215314694695
3,low_cmpi,kmeans,20,20,0.5771812080536913,2.436396050183788,2.436396050183788
3,low_cmpi,leiden,0.5,10,0.7195142275391828,0.8046533244696281,0.8046533244696281
3,low_cmpi,leiden,0.55,10,0.7195142275391828,0.8046533244696281,0.8046533244696281
3,low_cmpi,leiden,0.6,11,0.9856822619133705,1.3067232455261781,1.3067232455261781
3,low_cmpi,leiden,0.65,11,0.9856822619133705,1.3067232455261781,1.3067232455261781
3,low_cmpi,leiden,0.7,13,0.9598850701734999,1.44841542128202,1.44841542128202
3,low_cmpi,leiden,0.75,14,0.9042489011462552,1.5805388554146218,1.5805388554146218
3,low_cmpi,leiden,0.8,20,0.8560092609999109,1.9451597097084534,1.9451597097084534
3,low_cmpi,leiden,0.85,28,0.73290223116783,2.4368717453591198,2.4368717453591198
3,high_cmpi,oracle,,10,1.0,3.1058941367873856,2.911775753238174
3,high_cmpi,lfa,0.5,5,0.8386905643608354,1.61377178621229,1.5431756549491475
3,high_cmpi,lfa,0.55,10,1.0,3.1058941367873856,2.911775753238174
3,high_cmpi,lfa,0.6,10,1.0,3.1058941367873856,2.911775753238174
3,high_cmpi,lfa,0.65,10,1.0,3.1058941367873856,2.911775753238174
3,high_cmpi,lfa,0.7,10,1.0,3.1058941367873856,2.911775753238174
3,high_cmpi,lfa,0.75,12,0.7496563821789547,3.1058941367873856,2.911775753238174
3,high_cmpi,lfa,0.8,14,0.742688587565454,3.3272645742014952,3.1331461906522837
3,high_cmpi,lfa,0.85,23,0.603743932684516,3.8630001245012076,3.613539131598469
3,high_cmpi,kmeans,5,5,0.8655905868155076,1.6486829761921407,1.4545645926429291
3,high_cmpi,kmeans,7,7,0.7900956136560069,2.0281461129580567,1.8982526863374463
3,high_cmpi,kmeans,10,10,0.8507986140454661,2.84899430907298,2.654875925523768
3,high_cmpi,kmeans,13,13,0.5844048524113311,3.1058941367873856,2.911775753238174
3,high_cmpi,kmeans,15,15,0.5316966480731082,3.1058941367873856,2.911775753238174
3,high_cmpi,kmeans,20,20,0.4164542356508439,3.5169603219418164,3.322841938392605
3,high_cmpi,leiden,0.5,7,0.937381404174573,2.285045940672462,2.0909275571232504
3,high_cmpi,leiden,0.55,9,0.9838788470933073,2.84899430907298,2.654875925523768
3,high_cmpi,leiden,0.6,10,1.0,3.1058941367873856,2.911775753238174
3,high_cmpi,leiden,0.65,10,1.0,3.1058941367873856,2.911775753238174
3,high_cmpi,leiden,0.7,10,1.0,3.1058941367873856,2.911775753238174
3,high_cmpi,leiden,0.75,11,0.8667981291512127,3.1058941367873856,2.911775753238174
3,high_cmpi,leiden,0.8,13,0.8606759392211911,3.3272645742014952,3.1331461906522837
3,high_cmpi,leiden,0.85,20,0.7651466656625372,3.7611601774119334,3.5116991845091943
4,low_cmpi,oracle,,10,1.0,1.3067232455261781,0.953742589210465
4,low_cmpi,lfa,0.5,10,0.6533755081050237,0.7761650720079759,0.5336134870054834
4,low_cmpi,lfa,0.55,11,0.9856822619133705,1.3067232455261781,0.953742589210465
4,low_cmpi,lfa,0.6,11,0.9856822619133705,1.3067232455261781,0.953742589210465
4,low_cmpi,lfa,0.65,12,0.9719820699854843,1.3067232455261781,0.953742589210465
4,low_cmpi,lfa,0.7,12,0.9719820699854843,1.3067232455261781,0.953742589210465
4,low_cmpi,lfa,0.75,14,0.9532833072716674,1.4429295823116397,1.0899489259959265
4,low_cmpi,lfa,0.8,18,0.7833023849289915,1.8621733064588502,1.2995707880695317
4,low_cmpi,lfa,0.85,25,0.657216812523111,2.132655651089012,1.502432546542153
4,low_cmpi,kmeans,5,5,0.7332495060176037,1.2208228810964326,0.9107924069955922
4,low_cmpi,kmeans,7,7,0.9168765743073047,1.3067232455261781,0.953742589210465
4,low_cmpi,kmeans,10,10,0.9768861909807655,1.3067232455261781,0.953742589210465
4,low_cmpi,kmeans,13,13,0.9183207047956832,1.3067232455261781,0.953742589210465
4,low_cmpi,kmeans,15,15,0.7084343110512188,1.9718933606955242,1.286327646795138
4,low_cmpi,kmeans,20,20,0.5124338785188788,2.7888373238793847,1.8379980383916428
4,low_cmpi,leiden,0.5,11,0.9856822619133705,1.3067232455261781,0.953742589210465
4,low_cmpi,leiden,0.55,11,0.9856822619133705,1.3067232455261781,0.953742589210465
4,low_cmpi,leiden,0.6,11,0.9856822619133705,1.3067232455261781,0.953742589210465
4,low_cmpi,leiden,0.65,11,0.9856822619133705,1.3067232455261781,0.953742589210465
4,low_cmpi,leiden,0.7,11,0.9856822619133705,1.3067232455261781,0.953742589210465
4,low_cmpi,leiden,0.75,12,0.9802348585222426,1.3067232455261781,0.953742589210465
4,low_cmpi,leiden,0.8,16,0.9513856074714401,1.4429295823116397,1.0899489259959265
4,low_cmpi,leiden,0.85,20,0.9213006775939736,1.5846217580674817,1.1607950138738474
4,high_cmpi,oracle,,10,1.0,3.1058941367873856,3.1058941367873856
4,high_cmpi,lfa,0.5,9,0.9838788470933073,2.84899430907298,2.84899430907298
4,high_cmpi,lfa,0.55,10,1.0,3.1058941367873856,3.1058941367873856
4,high_cmpi,lfa,0.6,11,0.8766564729867482,3.1058941367873856,3.1058941367873856
4,high_cmpi,lfa,0.65,11,0.8766564729867482,3.1058941367873856,3.1058941367873856
4,high_cmpi,lfa,0.7,11,0.8766564729867482,3.1058941367873856,3.1058941367873856
4,high_cmpi,lfa,0.75,12,0.8514121981170691,3.1058941367873856,3.1058941367873856
4,high_cmpi,lfa,0.8,14,0.8254273597691602,3.2165793554944404,3.2165793554944404
4,high_cmpi,lfa,0.85,21,0.7409385323130679,3.7611601774119334,3.7611601774119334
4,high_cmpi,kmeans,5,5,0.8655905868155076,1.6486829761921407,1.6486829761921407
4,high_cmpi,kmeans,7,7,0.7756932516157491,1.9779973999863503,1.9779973999863503
4,high_cmpi,kmeans,10,10,0.8507986140454661,2.84899430907298,2.84899430907298
4,high_cmpi,kmeans,13,13,0.6586669002364894,3.1058941367873856,3.1058941367873856
4,high_cmpi,kmeans,15,15,0.5370898052711238,3.1058941367873856,3.1058941367873856
4,high_cmpi,kmeans,20,20,0.5043070501644666,3.5881402761322385,3.5881402761322385
4,high_cmpi,leiden,0.5,7,0.9525786364362127,2.3351946536441686,2.3351946536441686
4,high_cmpi,leiden,0.55,9,0.9838788470933073,2.84899430907298,2.84899430907298
4,high_cmpi,leiden,0.6,10,1.0,3.1058941367873856,3.1058941367873856
4,high_cmpi,leiden,0.65,10,1.0,3.1058941367873856,3.1058941367873856
4,high_cmpi,leiden,0.7,10,1.0,3.1058941367873856,3.1058941367873856
4,high_cmpi,leiden,0.75,11,0.8766564729867482,3.1058941367873856,3.1058941367873856
4,high_cmpi,leiden,0.8,15,0.8222257909105508,3.2165793554944404,3.2165793554944404
4,high_cmpi,leiden,0.85,20,0.7444353911407924,3.650474958704879,3.650474958704879
5,low_cmpi,oracle,,10,1.0,1.3067232455261781,1.3067232455261781
5,low_cmpi,lfa,0.5,10,0.7255519138306935,0.8046533244696281,0.8046533244696281
5,low_cmpi,lfa,0.55,11,0.9919833007926725,1.3067232455261781,1.3067232455261781
5,low_cmpi,lfa,0.6,12,0.9756621657303627,1.3067232455261781,1.3067232455261781
5,low_cmpi,lfa,0.65,12,0.9756621657303627,1.3067232455261781,1.3067232455261781
5,low_cmpi,lfa,0.7,12,0.9756621657303627,1.3067232455261781,1.3067232455261781
5,low_cmpi,lfa,0.75,13,0.8384700853845307,1.703137551617381,1.703137551617381
5,low_cmpi,lfa,0.8,15,0.8317866945497321,1.703137551617381,1.703137551617381
5,low_cmpi,lfa,0.85,24,0.7341699027568279,2.1593201969677516,2.1593201969677516
5,low_cmpi,kmeans,5,5,0.7332495060176037,1.129538100210282,1.129538100210282
5,low_cmpi,kmeans,7,7,0.9168765743073047,1.3067232455261781,1.3067232455261781
5,low_cmpi,kmeans,10,10,1.0,1.3067232455261781,1.3067232455261781
5,low_cmpi,kmeans,13,13,0.8384700853845307,1.703137551617381,1.703137551617381
5,low_cmpi,kmeans,15,15,0.7429884666127591,2.020862097150384,2.020862097150384
5,low_cmpi,kmeans,20,20,0.5477511002969907,2.6906262868565127,2.6906262868565127
5,low_cmpi,leiden,0.5,10,0.7255519138306935,0.8046533244696281,0.8046533244696281
5,low_cmpi,leiden,0.55,10,0.7255519138306935,0.8046533244696281,0.8046533244696281
5,low_cmpi,leiden,0.6,11,0.9919833007926725,1.3067232455261781,1.3067232455261781
5,low_cmpi,leiden,0.65,11,0.9919833007926725,1.3067232455261781,1.3067232455261781
5,low_cmpi,leiden,0.7,12,0.9756621657303627,1.3067232455261781,1.3067232455261781
5,low_cmpi,leiden,0.75,12,0.9756621657303627,1.3067232455261781,1.3067232455261781
5,low_cmpi,leiden,0.8,15,0.9570633668299975,1.4429295823116397,1.4429295823116397
5,low_cmpi,leiden,0.85,21,0.7868675995694295,1.9201304852926833,1.9201304852926833
5,high_cmpi,oracle,,10,1.0,3.1058941367873856,2.911775753238174
5,high_cmpi,lfa,0.5,8,0.9525786364362127,2.5419457683868676,2.347827384837656
5,high_cmpi,lfa,0.55,9,0.9838788470933073,2.84899430907298,2.654875925523768
5,high_cmpi,lfa,0.6,11,0.9844184460416557,3.1058941367873856,2.911775753238174
5,high_cmpi,lfa,0.65,11,0.9844184460416557,3.1058941367873856,2.911775753238174
5,high_cmpi,lfa,0.7,12,0.9947726912719784,3.3272645742014952,3.1331461906522837
5,high_cmpi,lfa,0.75,12,0.9947726912719784,3.3272645742014952,3.1331461906522837
5,high_cmpi,lfa,0.8,15,0.840480646256783,3.4774550574251832,3.2833366738759717
5,high_cmpi,lfa,0.85,24,0.6738146219669255,3.6899802232215113,3.4958618396723
5,high_cmpi,kmeans,5,5,0.8560325841001659,1.6486829761921407,1.4545645926429291
5,high_cmpi,kmeans,7,7,0.9078498293515358,2.212631344592659,2.018512961043447
5,high_cmpi,kmeans,10,10,0.8507986140454661,2.84899430907298,2.654875925523768
5,high_cmpi,kmeans,13,13,0.6461849127361893,3.1058941367873856,2.911775753238174
5,high_cmpi,kmeans,15,15,0.603743932684516,3.2165793554944404,3.022460971945229
5,high_cmpi,kmeans,20,20,0.3847026266842081,3.3272645742014952,3.1331461906522837
5,high_cmpi,leiden,0.5,8,0.913988911876293,2.352250020646547,2.1581316370973354
5,high_cmpi,leiden,0.55,8,0.9680748145759432,2.5920944813585742,2.3979760978093627
5,high_cmpi,leiden,0.6,9,0.9838788470933073,2.84899430907298,2.654875925523768
5,high_cmpi,leiden,0.65,11,0.9973905479849232,3.2165793554944404,3.022460971945229
5,high_cmpi,leiden,0.7,11,0.9973905479849232,3.2165793554944404,3.022460971945229
5,high_cmpi,leiden,0.75,12,0.9947726912719784,3.3272645742014952,3.1331461906522837
5,high_cmpi,leiden,0.8,14,0.8381205955981305,3.3272645742014952,3.1331461906522837
5,high_cmpi,leiden,0.85,20,0.669106116048092,3.43794979290855,3.2438314093593386
6,low_cmpi,oracle,,10,1.0,1.3067232455261781,0.8360823704385605
6,low_cmpi,lfa,0.5,11,0.9919833007926725,1.3067232455261781,0.8360823704385605
6,low_cmpi,lfa,0.55,11,0.9919833007926725,1.3067232455261781,0.8360823704385605
6,low_cmpi,lfa,0.6,11,0.9919833007926725,1.3067232455261781,0.8360823704385605
6,low_cmpi,lfa,0.65,11,0.9919833007926725,1.3067232455261781,0.8360823704385605
6,low_cmpi,lfa,0.7,12,0.9847773586953572,1.3067232455261781,0.8360823704385605
6,low_cmpi,lfa,0.75,13,0.9710589782942337,1.3067232455261781,0.8360823704385605
6,low_cmpi,lfa,0.8,17,0.9447030348166077,1.4429295823116397,0.972288707224022
6,low_cmpi,lfa,0.85,24,0.7303609341825902,2.0597491613465713,1.2680560151123867
6,low_cmpi,kmeans,5,5,0.7054087169613164,1.3067232455261781,0.8360823704385605
6,low_cmpi,kmeans,7,7,0.8790224032586558,1.3067232455261781,0.8360823704385605
6,low_cmpi,kmeans,10,10,1.0,1.3067232455261781,0.8360823704385605
6,low_cmpi,kmeans,13,13,0.8136731268121471,1.7283612378504085,0.9766283678799706
6,low_cmpi,kmeans,15,15,0.7341699027568279,1.7283612378504085,0.9766283678799706
6,low_cmpi,kmeans,20,20,0.5922892575443821,2.3229149337772426,1.3795119603129904
6,low_cmpi,leiden,0.5,10,0.7255519138306935,0.8046533244696281,0.4693811059406163
6,low_cmpi,leiden,0.55,11,0.925461712210461,1.2938474343195245,0.8481567190284095
6,low_cmpi,leiden,0.6,11,0.9919833007926725,1.3067232455261781,0.8360823704385605
6,low_cmpi,leiden,0.65,11,0.9919833007926725,1.3067232455261781,0.8360823704385605
6,low_cmpi,leiden,0.7,12,0.9847773586953572,1.3067232455261781,0.8360823704385605
6,low_cmpi,leiden,0.75,12,0.9847773586953572,1.3067232455261781,0.8360823704385605
6,low_cmpi,leiden,0.8,15,0.9636296840558413,1.3067232455261781,0.8360823704385605
6,low_cmpi,leiden,0.85,22,0.8406848781072895,1.8539957674660705,1.2888934418745581
6,high_cmpi,oracle,,10,1.0,3.1058941367873856,3.1058941367873856
6,high_cmpi,lfa,0.5,7,0.937381404174573,2.285045940672462,2.285045940672462
6,high_cmpi,lfa,0.55,8,0.9680748145759432,2.5920944813585742,2.5920944813585742
6,high_cmpi,lfa,0.6,10,1.0,3.1058941367873856,3.1058941367873856
6,high_cmpi,lfa,0.65,11,0.9293129016312407,3.1058941367873856,3.1058941367873856
6,high_cmpi,lfa,0.7,12,0.9264709927653839,3.2165793554944404,3.2165793554944404
6,high_cmpi,lfa,0.75,14,0.8886389201349831,3.3272645742014952,3.3272645742014952
6,high_cmpi,lfa,0.8,16,0.8389079732417284,3.5486350116156045,3.5486350116156045
6,high_cmpi,lfa,0.85,23,0.8044112877067792,3.9113506606356214,3.9113506606356214
6,high_cmpi,kmeans,5,5,0.8655905868155076,1.6486829761921407,1.6486829761921407
6,high_cmpi,kmeans,7,7,0.9525786364362127,2.3351946536441686,2.3351946536441686
6,high_cmpi,kmeans,10,10,0.8507986140454661,2.84899430907298,2.84899430907298
6,high_cmpi,kmeans,13,13,0.5688734939257434,3.1058941367873856,3.1058941367873856
6,high_cmpi,kmeans,15,15,0.5131494547787043,3.1058941367873856,3.1058941367873856
6,high_cmpi,kmeans,20,20,0.46473377543700023,3.5169603219418164,3.5169603219418164
6,high_cmpi,leiden,0.5,6,0.8934993084370678,1.9557315168782528,1.9557315168782528
6,high_cmpi,leiden,0.55,7,0.937381404174573,2.285045940672462,2.285045940672462
6,high_cmpi,leiden,0.6,10,1.0,3.1058941367873856,3.1058941367873856
6,high_cmpi,leiden,0.65,10,1.0,3.1058941367873856,3.1058941367873856
6,high_cmpi,leiden,0.7,11,0.9293129016312407,3.1058941367873856,3.1058941367873856
6,high_cmpi,leiden,0.75,13,0.8916088824008309,3.2165793554944404,3.2165793554944404
6,high_cmpi,leiden,0.8,16,0.8529629124722866,3.43794979290855,3.43794979290855
6,high_cmpi,leiden,0.85,23,0.8076764584682404,3.7611601774119334,3.7611601774119334
7,low_cmpi,oracle,,10,1.0,1.3067232455261781,1.3067232455261781
7,low_cmpi,lfa,0.5,10,0.7195142275391828,0.8046533244696281,0.8046533244696281
7,low_cmpi,lfa,0.55,10,0.7195142275391828,0.8046533244696281,0.8046533244696281
7,low_cmpi,lfa,0.6,12,0.9719820699854843,1.3067232455261781,1.3067232455261781
7,low_cmpi,lfa,0.65,12,0.9719820699854843,1.3067232455261781,1.3067232455261781
7,low_cmpi,lfa,0.7,12,0.9719820699854843,1.3067232455261781,1.3067232455261781
7,low_cmpi,lfa,0.75,13,0.9710589782942337,1.3067232455261781,1.3067232455261781
7,low_cmpi,lfa,0.8,15,0.9475747637937922,1.3067232455261781,1.3067232455261781
7,low_cmpi,lfa,0.85,24,0.731632576528699,2.2161690405700116,2.2161690405700116
7,low_cmpi,kmeans,5,5,0.762589928057554,1.2007245197806506,1.2007245197806506
7,low_cmpi,kmeans,7,7,0.8433544303797469,1.3067232455261781,1.3067232455261781
7,low_cmpi,kmeans,10,10,1.0,1.3067232455261781,1.3067232455261781
7,low_cmpi,kmeans,13,13,0.8340210221967894,1.703137551617381,1.703137551617381
7,low_cmpi,kmeans,15,15,0.7058157634073865,1.997414478773931,1.997414478773931
7,low_cmpi,kmeans,20,20,0.47741072092389286,2.837187860013799,2.837187860013799
7,low_cmpi,leiden,0.5,10,0.7195142275391828,0.8046533244696281,0.8046533244696281
7,low_cmpi,leiden,0.55,11,0.9856822619133705,1.3067232455261781,1.3067232455261781
7,low_cmpi,leiden,0.6,11,0.9856822619133705,1.3067232455261781,1.3067232455261781
7,low_cmpi,leiden,0.65,12,0.9719820699854843,1.3067232455261781,1.3067232455261781
7,low_cmpi,leiden,0.7,12,0.9719820699854843,1.3067232455261781,1.3067232455261781
7,low_cmpi,leiden,0.75,13,0.9710589782942337,1.3067232455261781,1.3067232455261781
7,low_cmpi,leiden,0.8,13,0.9710589782942337,1.3067232455261781,1.3067232455261781
7,low_cmpi,leiden,0.85,23,0.7809165619058503,2.030815703999738,2.030815703999738
7,high_cmpi,oracle,,10,1.0,3.1058941367873856,2.911775753238174
7,high_cmpi,lfa,0.5,8,0.9525786364362127,2.5419457683868676,2.347827384837656
7,high_cmpi,lfa,0.55,10,1.0,3.1058941367873856,2.911775753238174
7,high_cmpi,lfa,0.6,10,1.0,3.1058941367873856,2.911775753238174
7,high_cmpi,lfa,0.65,10,1.0,3.1058941367873856,2.911775753238174
7,high_cmpi,lfa,0.7,10,1.0,3.1058941367873856,2.911775753238174
7,high_cmpi,lfa,0.75,14,0.8774102246594728,3.3272645742014952,3.1331461906522837
7,high_cmpi,lfa,0.8,17,0.803593158837976,3.5486350116156054,3.3545166280663934
7,high_cmpi,lfa,0.85,23,0.6296209507340998,3.8718453961189883,3.6223844032162495
7,high_cmpi,kmeans,5,5,0.8655905868155076,1.6486829761921407,1.4545645926429291
7,high_cmpi,kmeans,7,7,0.937381404174573,2.285045940672462,2.0909275571232504
7,high_cmpi,kmeans,10,10,0.8507986140454661,2.84899430907298,2.654875925523768
7,high_cmpi,kmeans,13,13,0.598690364826941,3.1058941367873856,2.911775753238174
7,high_cmpi,kmeans,15,15,0.515348535203807,3.1058941367873856,2.911775753238174
7,high_cmpi,kmeans,20,20,0.367224147548029,3.3272645742014952,3.1331461906522837
7,high_cmpi,leiden,0.5,7,0.937381404174573,2.285045940672462,2.0909275571232504
7,high_cmpi,leiden,0.55,8,0.9680748145759432,2.5920944813585742,2.3979760978093627
7,high_cmpi,leiden,0.6,10,1.0,3.1058941367873856,2.911775753238174
7,high_cmpi,leiden,0.65,10,1.0,3.1058941367873856,2.911775753238174
7,high_cmpi,leiden,0.7,10,1.0,3.1058941367873856,2.911775753238174
7,high_cmpi,leiden,0.75,12,0.8736349453978159,3.2165793554944404,3.022460971945229
7,high_cmpi,leiden,0.8,14,0.8545109143696906,3.3272645742014952,3.1331461906522837
7,high_cmpi,leiden,0.85,20,0.8270238788584741,3.8718453961189883,3.6223844032162495
8,low_cmpi,oracle,,10,1.0,1.3067232455261781,1.3067232455261781
8,low_cmpi,lfa,0.5,10,0.7195142275391828,0.8046533244696281,0.8046533244696281
8,low_cmpi,lfa,0.55,10,0.7195142275391828,0.8046533244696281,0.8046533244696281
8,low_cmpi,lfa,0.6,11,0.9856822619133705,1.3067232455261781,1.3067232455261781
8,low_cmpi,lfa,0.65,12,0.9820554649265906,1.3067232455261781,1.3067232455261781
8,low_cmpi,lfa,0.7,13,0.9682823012494851,1.3067232455261781,1.3067232455261781
8,low_cmpi,lfa,0.75,13,0.9682823012494851,1.3067232455261781,1.3067232455261781
8,low_cmpi,lfa,0.8,15,0.9523350987000482,1.3067232455261781,1.3067232455261781
8,low_cmpi,lfa,0.85,18,0.9222912588305388,1.4429295823116397,1.4429295823116397
8,low_cmpi,kmeans,5,5,0.7191489361702128,1.114824155350905,1.114824155350905
8,low_cmpi,kmeans,7,7,0.8790224032586558,1.3067232455261781,1.3067232455261781
8,low_cmpi,kmeans,10,10,1.0,1.3067232455261781,1.3067232455261781
8,low_cmpi,kmeans,13,13,0.8113786182233136,1.7283612378504085,1.7283612378504085
8,low_cmpi,kmeans,15,15,0.7713004484304933,1.703137551617381,1.703137551617381
8,low_cmpi,kmeans,20,20,0.49758513324670867,2.629801569037916,2.629801569037916
8,low_cmpi,leiden,0.5,10,0.7195142275391828,0.8046533244696281,0.8046533244696281
8,low_cmpi,leiden,0.55,10,0.7195142275391828,0.8046533244696281,0.8046533244696281
8,low_cmpi,leiden,0.6,11,0.9856822619133705,1.3067232455261781,1.3067232455261781
8,low_cmpi,leiden,0.65,12,0.9820554649265906,1.3067232455261781,1.3067232455261781
8,low_cmpi,leiden,0.7,13,0.9682823012494851,1.3067232455261781,1.3067232455261781
8,low_cmpi,leiden,0.75,13,0.9682823012494851,1.3067232455261781,1.3067232455261781
8,low_cmpi,leiden,0.8,15,0.9523350987000482,1.3067232455261781,1.3067232455261781
8,low_cmpi,leiden,0.85,18,0.9052631578947369,1.51583607205408,1.51583607205408
8,high_cmpi,oracle,,10,1.0,3.1058941367873856,2.7176573696889625
8,high_cmpi,lfa,0.5,7,0.9525786364362127,2.3351946536441686,2.0754078004029477
8,high_cmpi,lfa,0.55,8,0.9680748145759432,2.5920944813585742,2.332307628117354
8,high_cmpi,lfa,0.6,10,1.0,3.1058941367873856,2.7176573696889625
8,high_cmpi,lfa,0.65,10,1.0,3.1058941367873856,2.7176573696889625
8,high_cmpi,lfa,0.7,12,0.8736349453978159,3.2165793554944404,2.8283425883960174
8,high_cmpi,lfa,0.75,12,0.8736349453978159,3.2165793554944404,2.8283425883960174
8,high_cmpi,lfa,0.8,15,0.8420505490221558,3.43794979290855,3.0497130258101275
8,high_cmpi,lfa,0.85,22,0.6256831264725171,3.973685343208262,3.585448576109839
8,high_cmpi,kmeans,5,5,0.8386905643608354,1.61377178621229,1.2897599760424683
8,high_cmpi,kmeans,7,7,0.937381404174573,2.285045940672462,1.9610341305026402
8,high_cmpi,kmeans,10,10,0.8507986140454661,2.84899430907298,2.4607575419745564
8,high_cmpi,kmeans,13,13,0.6586669002364894,3.1058941367873856,2.7176573696889625
8,high_cmpi,kmeans,15,15,0.5751143504644579,3.2165793554944404,2.8283425883960174
8,high_cmpi,kmeans,20,20,0.4566410537870472,3.429104521290769,3.040867754192346
8,high_cmpi,leiden,0.5,7,0.9377915722527943,2.304463019460043,2.023998775076758
8,high_cmpi,leiden,0.55,8,0.9680748145759432,2.5920944813585742,2.2680826711887523
8,high_cmpi,leiden,0.6,10,1.0,3.1058941367873856,2.7176573696889625
8,high_cmpi,leiden,0.65,10,1.0,3.1058941367873856,2.7176573696889625
8,high_cmpi,leiden,0.7,11,0.9973905479849232,3.2165793554944404,2.8283425883960174
8,high_cmpi,leiden,0.75,12,0.8736349453978159,3.2165793554944404,2.8283425883960174
8,high_cmpi,leiden,0.8,13,0.8606759392211911,3.3272645742014952,2.9390278071030727
8,high_cmpi,leiden,0.85,16,0.8389079732417284,3.43794979290855,3.0497130258101275
9,low_cmpi,oracle,,10,1.0,1.3067232455261781,1.3067232455261781
9,low_cmpi,lfa,0.5,11,0.7160440039211415,0.8046533244696281,0.8046533244696281
9,low_cmpi,lfa,0.55,12,0.9820554649265906,1.3067232455261781,1.3067232455261781
9,low_cmpi,lfa,0.6,12,0.9820554649265906,1.3067232455261781,1.3067232455261781
9,low_cmpi,lfa,0.65,14,0.9551758868262754,1.4429295823116397,1.4429295823116397
9,low_cmpi,lfa,0.7,14,0.9551758868262754,1.4429295823116397,1.4429295823116397
9,low_cmpi,lfa,0.75,15,0.9513856074714401,1.4429295823116397,1.4429295823116397
9,low_cmpi,lfa,0.8,18,0.8667668641145787,1.7167451922000834,1.7167451922000834
9,low_cmpi,lfa,0.85,26,0.7071260767423649,2.3732662141854526,2.3732662141854526
9,low_cmpi,kmeans,5,5,0.7191489361702128,1.129538100210282,1.129538100210282
9,low_cmpi,kmeans,7,7,0.8433544303797469,1.129538100210282,1.129538100210282
9,low_cmpi,kmeans,10,10,0.99203561180982,1.3067232455261781,1.3067232455261781
9,low_cmpi,kmeans,13,13,0.8278053145390748,1.703137551617381,1.703137551617381
9,low_cmpi,kmeans,15,15,0.7880524154764245,1.9585274145777434,1.9585274145777434
9,low_cmpi,kmeans,20,20,0.5633609629778529,2.5051817361971898,2.5051817361971898
9,low_cmpi,leiden,0.5,11,0.7160440039211415,0.8046533244696281,0.8046533244696281
9,low_cmpi,leiden,0.55,12,0.9820554649265906,1.3067232455261781,1.3067232455261781
9,low_cmpi,leiden,0.6,12,0.9820554649265906,1.3067232455261781,1.3067232455261781
9,low_cmpi,leiden,0.65,12,0.9820554649265906,1.3067232455261781,1.3067232455261781
9,low_cmpi,leiden,0.7,14,0.9551758868262754,1.4429295823116397,1.4429295823116397
9,low_cmpi,leiden,0.75,14,0.9551758868262754,1.4429295823116397,1.4429295823116397
9,low_cmpi,leiden,0.8,15,0.9532833072716674,1.4429295823116397,1.4429295823116397
9,low_cmpi,leiden,0.85,25,0.7239727428331522,2.1593201969677516,2.1593201969677516
9,high_cmpi,oracle,,10,1.0,3.1058941367873856,2.7176573696889625
9,high_cmpi,lfa,0.5,7,0.9078498293515358,2.212631344592659,1.9360524265185761
9,high_cmpi,lfa,0.55,8,0.9525786364362127,2.5419457683868676,2.247700396021864
9,high_cmpi,lfa,0.6,10,1.0,3.1058941367873856,2.7176573696889625
9,high_cmpi,lfa,0.65,11,0.8667981291512127,3.1058941367873856,2.7176573696889625
9,high_cmpi,lfa,0.7,11,0.8667981291512127,3.1058941367873856,2.7176573696889625
9,high_cmpi,lfa,0.75,13,0.7803828716117804,3.2165793554944404,2.8283425883960174
9,high_cmpi,lfa,0.8,19,0.6403703346513646,3.5397897399978246,3.1515529728994007
9,high_cmpi,lfa,0.85,21,0.6325641439406164,3.761160177411934,3.3175808009599828
9,high_cmpi,kmeans,5,5,0.8655905868155076,1.6486829761921407,1.466095452851478
9,high_cmpi,kmeans,7,7,0.9525786364362127,2.3351946536441686,2.0111828434743466
9,high_cmpi,kmeans,10,10,0.8507986140454661,2.84899430907298,2.4607575419745564
9,high_cmpi,kmeans,13,13,0.5997031010358658,3.1058941367873856,2.7176573696889625
9,high_cmpi,kmeans,15,15,0.515348535203807,3.1058941367873856,2.7176573696889625
9,high_cmpi,kmeans,20,20,0.36470491308049324,3.3272645742014952,2.939027807103072
9,high_cmpi,leiden,0.5,7,0.9525786364362127,2.3351946536441686,2.0111828434743466
9,high_cmpi,leiden,0.55,8,0.9680748145759432,2.5920944813585742,2.2038577142601508
9,high_cmpi,leiden,0.6,10,1.0,3.1058941367873856,2.7176573696889625
9,high_cmpi,leiden,0.65,10,1.0,3.1058941367873856,2.7176573696889625
9,high_cmpi,leiden,0.7,10,1.0,3.1058941367873856,2.7176573696889625
9,high_cmpi,leiden,0.75,13,0.8198171199684235,3.2165793554944404,2.8283425883960174
9,high_cmpi,leiden,0.8,14,0.7961967387923757,3.3272645742014952,2.939027807103072
9,high_cmpi,leiden,0.85,19,0.7470495194062537,3.761160177411934,3.3175808009599828
