day_type,algorithm,parameter,n_replicates,recovered_K_mean,recovered_K_sd,recovered_K_min,recovered_K_max,ari_mean,ari_sd,ari_min,ari_max,cmpi_paper_mean,cmpi_paper_sd,cmpi_paper_min,cmpi_paper_max,cmpi_alt_mean,cmpi_alt_sd,cmpi_alt_min,cmpi_alt_max
high_cmpi,kmeans,10,10,10.0,0.0,10.0,10.0,0.8517828051939873,0.0031122856823040737,0.8507986140454661,0.8606405255306782,2.84899430907298,0.0,2.84899430907298,2.84899430907298,2.6160041317218123,0.15616232785625705,2.3960514141248193,2.84899430907298
high_cmpi,kmeans,13,10,13.0,0.0,13.0,13.0,0.6113287092307722,0.03153309151963807,0.5688734939257434,0.6586669002364894,3.1058941367873856,0.0,3.1058941367873856,3.1058941367873856,2.866481463743358,0.16154948854807324,2.6529512418392254,3.1058941367873856
high_cmpi,kmeans,15,10,15.0,0.0,15.0,15.0,0.5387970091569632,0.03892840307605047,0.473908877079885,0.603743932684516,3.139099702399502,0.05346604015061022,3.1058941367873856,3.2165793554944404,2.8996870293554746,0.14545865222001722,2.7176573696889625,3.1058941367873856
high_cmpi,kmeans,20,10,20.0,0.0,20.0,20.0,0.41437912563268653,0.049066608952487725,0.35457145221653136,0.5043070501644666,3.41649433697393,0.10183545317446524,3.3272645742014952,3.5881402761322385,3.1770816639299024,0.23241035752974099,2.874321679253335,3.5881402761322385
high_cmpi,kmeans,5,10,5.0,0.0,5.0,5.0,0.8647356564606622,0.013277191417371572,0.8386905643608354,0.8934993084370678,1.652433316802136,0.026503698618831274,1.61377178621229,1.7210975722719444,1.4811379125782966,0.12207211466024565,1.2897599760424683,1.6486829761921407
high_cmpi,kmeans,7,10,7.0,0.0,7.0,7.0,0.874261731088397,0.08295109767930726,0.7615815172085268,0.9525786364362127,2.17281796166791,0.1560072316173343,1.9557315168782528,2.3351946536441686,1.9843160460348668,0.20907512231817438,1.567013578858694,2.3351946536441686
high_cmpi,leiden,0.5,10,7.1,0.5676462121975467,6.0,8.0,0.9368037496712815,0.020746286392553638,0.8934993084370678,0.9680748145759432,2.3015112108321603,0.15273031532785283,1.9557315168782528,2.5920944813585742,2.104988268523947,0.1458997325569639,1.896328002652903,2.3351946536441686
high_cmpi,leiden,0.55,10,8.4,0.699205898780101,7.0,9.0,0.9729074897944883,0.01474741093449232,0.937381404174573,0.9838788470933073,2.689839541147166,0.1911152783604627,2.285045940672462,2.84899430907298,2.4632718594888585,0.20445561994553343,2.2038577142601508,2.84899430907298
high_cmpi,leiden,0.6,10,9.8,0.4216370213557839,9.0,10.0,0.9967757694186614,0.006797274892399045,0.9838788470933073,1.0,3.0545141712445045,0.10831847814431607,2.84899430907298,3.1058941367873856,2.8151014982004767,0.18071948457581813,2.6529512418392254,3.1058941367873856
high_cmpi,leiden,0.65,10,10.2,0.4216370213557839,10.0,11.0,0.9994781095969847,0.001100241575007824,0.9973905479849232,1.0,3.1280311805287964,0.04666898592375609,3.1058941367873856,3.2165793554944404,2.888618507484769,0.15536466834495513,2.7176573696889625,3.1058941367873856
high_cmpi,leiden,0.7,10,10.7,0.8232726023485646,10.0,12.0,0.9661471303599929,0.05586132417374036,0.8637423606010255,1.0,3.1501682242702076,0.05715760116316653,3.1058941367873856,3.2165793554944404,2.91075555122618,0.15060107625440744,2.7176573696889625,3.1058941367873856
high_cmpi,leiden,0.75,10,12.1,0.9944289260117531,11.0,14.0,0.8795691118875045,0.04464370246101747,0.8198171199684235,0.9947726912719784,3.205510833623735,0.08167072536657316,3.1058941367873856,3.3272645742014952,2.9660981605797074,0.15902207733124815,2.7176573696889625,3.2165793554944404
high_cmpi,leiden,0.8,10,14.4,1.0749676997731399,13.0,16.0,0.8446348131483489,0.02167511023338717,0.7961967387923757,0.8675604132866536,3.3715386616843173,0.09333797184751227,3.2165793554944404,3.5486350116156054,3.126591727704937,0.17159689483916507,2.939027807103072,3.43794979290855
high_cmpi,leiden,0.85,10,19.8,2.3944379994757297,16.0,23.0,0.7485249613797768,0.10125772634340183,0.5043070501644666,0.8389079732417284,3.6318760236105803,0.1748708481017529,3.43794979290855,3.8718453961189883,3.3703263068251417,0.29151724566425297,2.98500689796039,3.7611601774119334
high_cmpi,lfa,0.5,10,7.2,1.3165611772087666,5.0,9.0,0.915490508640198,0.053988724742183435,0.8361073037008028,0.9838788470933073,2.264033611330248,0.3865750240256522,1.61377178621229,2.84899430907298,2.10378640319273,0.38065052107511244,1.5431756549491475,2.84899430907298
high_cmpi,lfa,0.55,10,9.1,0.8755950357709131,8.0,10.0,0.9815864925139539,0.01594133968799221,0.9525786364362127,1.0,2.8548681419627857,0.22139160356878196,2.5419457683868676,3.1058941367873856,2.6496749897754492,0.2649244258738248,2.247700396021864,3.1058941367873856
high_cmpi,lfa,0.6,10,10.3,0.48304589153964794,10.0,11.0,0.9719001086236876,0.050689492157685465,0.8766564729867482,1.0,3.0912726758866507,0.04623711916542012,2.9596795277800343,3.1058941367873856,2.851860002842623,0.1635982892780196,2.6529512418392254,3.1058941367873856
high_cmpi,lfa,0.65,10,10.8,0.9189365834726815,10.0,13.0,0.9525179441479363,0.06000070915972152,0.8667981291512127,1.0,3.139099702399502,0.07470682872620377,3.1058941367873856,3.3272645742014952,2.8996870293554746,0.14929552609429944,2.7176573696889625,3.1058941367873856
high_cmpi,lfa,0.7,10,11.4,0.9660917830792959,10.0,13.0,0.913947666500896,0.060883103484269986,0.8637423606010255,1.0,3.183373789882324,0.09112410804647705,3.1058941367873856,3.3272645742014952,2.943961116838296,0.17166248829793074,2.7176573696889625,3.2165793554944404
high_cmpi,lfa,0.75,10,12.8,1.1352924243950935,11.0,14.0,0.853058501324054,0.06888343976360231,0.7496563821789547,0.9947726912719784,3.227647877365146,0.09691542803311502,3.1058941367873856,3.3272645742014952,2.988235204321118,0.18711859870183126,2.7176573696889625,3.3272645742014952
high_cmpi,lfa,0.8,10,15.9,1.5951314818673865,14.0,19.0,0.7810770290579943,0.09400466896225955,0.5885069604803062,0.8514121981170691,3.42994727032773,0.11020252981212894,3.2165793554944404,3.5486350116156054,3.1850003363483497,0.191504436956802,2.874321679253335,3.5486350116156045
high_cmpi,lfa,0.85,10,22.1,2.0789954839350235,17.0,24.0,0.6782070743159995,0.10636566115529018,0.4852686308492201,0.8459632340229355,3.8053327952172618,0.10764610329107747,3.650474958704879,3.973685343208262,3.5386910810773595,0.23697720397253763,3.155975608708291,3.9113506606356214
high_cmpi,oracle,,10,10.0,0.0,10.0,10.0,1.0,0.0,1.0,1.0,3.1058941367873856,0.0,3.1058941367873856,3.1058941367873856,2.866481463743358,0.16154948854807324,2.6529512418392254,3.1058941367873856
low_cmpi,kmeans,10,10,10.0,0.0,10.0,10.0,0.9968921802790586,0.007461711245811292,0.9768861909807655,1.0,1.3067232455261781,0.0,1.3067232455261781,1.3067232455261781,1.224361092385845,0.17583544527552944,0.8360823704385605,1.3067232455261781
low_cmpi,kmeans,13,10,13.0,0.0,13.0,13.0,0.837300239112171,0.04067674771019798,0.7725088782118237,0.9183207047956832,1.6939286722003473,0.17596877541802738,1.3067232455261781,2.040895617506901,1.583457319571732,0.3444685781170697,0.953742589210465,2.040895617506901
low_cmpi,kmeans,15,10,15.0,0.0,15.0,15.0,0.7351271445660668,0.027847141630835282,0.7005536203714825,0.7880524154764245,1.9566886420589857,0.15966705449972984,1.703137551617381,2.278941901381636,1.8129587836719032,0.391634298056435,0.9766283678799706,2.278941901381636
low_cmpi,kmeans,20,10,20.0,0.0,20.0,20.0,0.5440669244031633,0.0481601018150365,0.47741072092389286,0.6303951921325806,2.6165796682738796,0.20071335933518258,2.3229149337772426,2.837187860013799,2.4271554423786803,0.4742680316080742,1.3795119603129904,2.837187860013799
low_cmpi,kmeans,5,10,5.0,0.0,5.0,5.0,0.7206445771819617,0.02288670819632401,0.6758430832759807,0.762589928057554,1.1959979748788274,0.07120965704666266,1.114824155350905,1.3067232455261781,1.1179308399599817,0.14247715548213197,0.8360823704385605,1.3067232455261781
low_cmpi,kmeans,7,10,7.0,0.0,7.0,7.0,0.8729479916604997,0.029020562587212147,0.8320011418783899,0.9168765743073047,1.2784048584200358,0.062013435011524794,1.129538100210282,1.3067232455261781,1.1960427052797027,0.17199052387464847,0.8360823704385605,1.3067232455261781
low_cmpi,leiden,0.5,10,10.3,0.6749485577105528,9.0,11.0,0.8015986805957792,0.12711818685782963,0.7160440039211415,0.9856822619133705,0.9552743007865931,0.24252281263200187,0.8046533244696281,1.3067232455261781,0.8864490133021207,0.2520754149768963,0.4693811059406163,1.3067232455261781
low_cmpi,leiden,0.55,10,10.6,0.8432740427115678,9.0,12.0,0.8748076099717197,0.13071968444774645,0.7195142275391828,0.9856822619133705,1.1046076959828928,0.2581893481237943,0.8046533244696281,1.3067232455261781,1.02474055882221,0.2467641855583178,0.8046533244696281,1.3067232455261781
low_cmpi,leiden,0.6,10,11.0,0.4714045207910317,10.0,12.0,0.9880115637992158,0.005199369507327686,0.9820554649265906,1.0,1.3067232455261781,0.0,1.3067232455261781,1.3067232455261781,1.224361092385845,0.17583544527552944,0.8360823704385605,1.3067232455261781
low_cmpi,leiden,0.65,10,11.3,0.6749485577105528,10.0,12.0,0.9849088457149606,0.008693036230628077,0.9719820699854843,1.0,1.3067232455261781,0.0,1.3067232455261781,1.3067232455261781,1.224361092385845,0.17583544527552944,0.8360823704385605,1.3067232455261781
low_cmpi,leiden,0.7,10,12.3,0.9486832980505138,11.0,14.0,0.9730170424766924,0.010462987351235865,0.9551758868262754,0.9856822619133705,1.3345130967803085,0.05860041763566769,1.3067232455261781,1.44841542128202,1.2521509436399754,0.19859105232044083,0.8360823704385605,1.44841542128202
low_cmpi,leiden,0.75,10,12.7,0.8232726023485646,12.0,14.0,0.9646111182799771,0.02274849576317961,0.9042489011462552,0.9847773586953572,1.3618946577691529,0.09612779675496615,1.3067232455261781,1.5805388554146218,1.2795325046288197,0.22417965023127637,0.8360823704385605,1.5805388554146218
low_cmpi,leiden,0.8,10,15.6,2.270584848790187,13.0,20.0,0.938255079890006,0.037506995347083495,0.8560092609999109,0.9710589782942337,1.467035443230205,0.2103014675672868,1.3067232455261781,1.9451597097084534,1.384673290089872,0.30627149374574514,0.8360823704385605,1.9451597097084534
low_cmpi,leiden,0.85,10,22.7,3.093002855909879,18.0,28.0,0.7962780376379817,0.07008093200408647,0.7239727428331522,0.9213006775939736,1.9514643990503797,0.29070439188075603,1.51583607205408,2.4368717453591198,1.8525714920718652,0.4193736087156024,1.1607950138738474,2.4368717453591198
low_cmpi,lfa,0.5,10,10.1,0.8755950357709131,8.0,11.0,0.7423162815238283,0.15104807687781746,0.4724689165186501,0.9919833007926725,0.9150882585729684,0.23603695519339174,0.6343341396329414,1.3067232455261781,0.8437690125639573,0.21849077437195924,0.5336134870054834,1.3067232455261781
low_cmpi,lfa,0.55,10,10.6,0.8432740427115678,9.0,12.0,0.88148610408872,0.13653763445418157,0.7195142275391828,0.9919833007926725,1.1058952771035582,0.2592677923844921,0.8046533244696281,1.3067232455261781,1.023533123963225,0.24775179112410742,0.8046533244696281,1.3067232455261781
low_cmpi,lfa,0.6,10,11.2,0.6324555320336759,10.0,12.0,0.9850094311001962,0.007756179934629839,0.9719820699854843,1.0,1.3067232455261781,0.0,1.3067232455261781,1.3067232455261781,1.224361092385845,0.17583544527552944,0.8360823704385605,1.3067232455261781
low_cmpi,lfa,0.65,10,11.8,1.0327955589886446,10.0,14.0,0.9788560755072315,0.012468479565969002,0.9551758868262754,1.0,1.3203438792047244,0.04307222559900357,1.3067232455261781,1.4429295823116397,1.2379817260643913,0.18779314217678522,0.8360823704385605,1.4429295823116397
low_cmpi,lfa,0.7,10,12.5,0.8498365855987975,11.0,14.0,0.9653401262721768,0.019722486354300187,0.9193154034229829,0.9856822619133705,1.3618946577691529,0.09612779675496615,1.3067232455261781,1.5805388554146218,1.2795325046288197,0.22417965023127637,0.8360823704385605,1.5805388554146218
low_cmpi,lfa,0.75,10,13.7,1.0593499054713802,12.0,15.0,0.942573533747973,0.042050318107632406,0.8384700853845307,0.9710589782942337,1.4381115196975083,0.14627956608269235,1.3067232455261781,1.703137551617381,1.3557493665571752,0.2562798722478439,0.8360823704385605,1.703137551617381
low_cmpi,lfa,0.8,10,17.2,2.7406406388125952,14.0,23.0,0.8719327527061571,0.07594561378496266,0.7354355959380011,0.9523350987000482,1.628254706512836,0.23571049294674482,1.3067232455261781,1.9451597097084534,1.5249303671651424,0.30596603565242125,0.972288707224022,1.9451597097084534
low_cmpi,lfa,0.85,10,24.6,3.1692971530679235,18.0,30.0,0.7408025013744005,0.07140569378289728,0.657216812523111,0.9222912588305388,2.106094595391529,0.29664238728714054,1.4429295823116397,2.4368717453591198,1.9639029703134248,0.4286476036865416,1.2680560151123867,2.4368717453591198
low_cmpi,oracle,,10,10.0,0.0,10.0,10.0,1.0,0.0,1.0,1.0,1.3067232455261781,0.0,1.3067232455261781,1.3067232455261781,1.224361092385845,0.17583544527552944,0.8360823704385605,1.3067232455261781
